,time_counter,alk
0,Jan,106.71027444299693
1,Feb,102.68703802921027
2,Mar,106.91720494279116
3,Apr,93.06326619148012
4,May,94.208304617252
5,Jun,104.09470226437884
6,Jul,101.45096567958649
7,Aug,101.54410937795092
8,Sep,108.5432578899281
9,Oct,114.18468896931972
10,Nov,115.00379772750466
11,Dec,110.35995940372777
