,time_counter,alk
0,Jan,579.3464078127488
1,Feb,497.33371266146605
2,Mar,533.9762492792772
3,Apr,657.1185985116258
4,May,509.0907744744002
5,Jun,642.1858074390257
6,Jul,691.449309729489
7,Aug,524.0812424476148
8,Sep,774.4469536274753
9,Oct,777.2831794228919
10,Nov,768.0140716152041
11,Dec,658.7566797189043
