,time_counter,alk
0,Jan,566.2598199390798
1,Feb,609.1882372887676
2,Mar,735.4038010942336
3,Apr,329.7473147184364
4,May,586.2298668418885
5,Jun,583.3811919270006
6,Jul,928.6696075669165
7,Aug,739.9458876102906
8,Sep,784.6999822265423
9,Oct,705.2631928477808
10,Nov,652.7203257545564
11,Dec,634.5223308143059
