,time_counter,alk
0,Jan,98.64607359233469
1,Feb,90.80421807037328
2,Mar,89.54329621281386
3,Apr,89.69760433433657
4,May,82.12855796433541
5,Jun,91.17884007395651
6,Jul,94.29588558503792
7,Aug,93.81804038001133
8,Sep,114.53736619945039
9,Oct,105.56181327434251
10,Nov,102.87125481920975
11,Dec,98.05605012198339
