,time_counter,alk
0,Jan,108.57060216275067
1,Feb,106.41775493239493
2,Mar,104.69038325389829
3,Apr,104.93426015358318
4,May,107.77030027938372
5,Jun,111.01375505144006
6,Jul,114.86732626211915
7,Aug,117.87449506466555
8,Sep,119.49649763689149
9,Oct,118.1021118807621
10,Nov,114.52381280284862
11,Dec,110.22168403405112
