,time_counter,alk
0,Jan,808.9431054596403
1,Feb,762.99347521245
2,Mar,762.221485881857
3,Apr,759.8416120860638
4,May,759.0539020114784
5,Jun,787.4002973516554
6,Jul,851.0386819171149
7,Aug,928.4150286102804
8,Sep,957.3868250204214
9,Oct,979.7930655094956
10,Nov,923.5476318844185
11,Dec,879.7711288603305
