,time_counter,co2flux
0,Jan,-2.593826851417485
1,Feb,-2.4139112605322888
2,Mar,-1.985450433255114
3,Apr,-1.7664644350513456
4,May,-1.3983603856181512
5,Jun,-1.3652574462407885
6,Jul,-1.4648035386159906
7,Aug,-1.7464269130004357
8,Sep,-1.9952188427537083
9,Oct,-2.7334526231325613
10,Nov,-2.9328057295529586
11,Dec,-2.8314551954370435
