,time_counter,co2flux
0,Jan,-4.905011562981876
1,Feb,-4.479033042473985
2,Mar,-3.8037487545109743
3,Apr,-3.370630745260398
4,May,-2.9168712028761687
5,Jun,-1.9891028493148994
6,Jul,-1.2521392350985727
7,Aug,-1.369850593370937
8,Sep,-2.2310523821410815
9,Oct,-3.652669022033988
10,Nov,-4.665283673307522
11,Dec,-5.128725464886815
