,time_counter,co2flux
0,Jan,-7.181489234535779
1,Feb,-6.424192697790448
2,Mar,-6.2943980591021935
3,Apr,-5.194329753185626
4,May,-3.808816055430525
5,Jun,-1.8037066992166408
6,Jul,-0.8571978058457965
7,Aug,-1.0570181255428448
8,Sep,-2.6741941174783324
9,Oct,-4.193730559304559
10,Nov,-6.122382421765573
11,Dec,-7.232404378345819
