,time_counter,co2flux
0,Jan,-3.2637672475049255
1,Feb,-3.304075486139664
2,Mar,-3.1415763035492135
3,Apr,-2.872317908413099
4,May,-1.8434004949588982
5,Jun,-0.03786269652112467
6,Jul,1.0370386370024052
7,Aug,1.0077201376270224
8,Sep,0.10336528065335653
9,Oct,-1.220559836333336
10,Nov,-2.1393927954811036
11,Dec,-3.1252724643746106
