,time_counter,co2flux
0,Jan,-21.290225058468856
1,Feb,-19.743911635241023
2,Mar,-13.50226290431765
3,Apr,-10.888377365624594
4,May,-8.798101856569426
5,Jun,-6.488509732781198
6,Jul,-5.111549059667272
7,Aug,-7.1856832070864085
8,Sep,-10.329076177894514
9,Oct,-17.017324866194205
10,Nov,-20.934751280037666
11,Dec,-21.60551440502929
