,time_counter,co2flux
0,Jan,-3.9177219870308537
1,Feb,-3.120117211650784
2,Mar,-3.15282175555298
3,Apr,-2.3220118447725264
4,May,-1.9654155604716266
5,Jun,-1.7658440026955162
6,Jul,-1.8942364428482017
7,Aug,-2.0647382631698674
8,Sep,-2.777559398131689
9,Oct,-2.9731707229712225
10,Nov,-3.982989626284469
11,Dec,-4.107131913971209
