,time_counter,co2flux
0,Jan,-4.712879545195372
1,Feb,-3.985490406379719
2,Mar,-2.1815713465996027
3,Apr,0.07276879374489639
4,May,1.7040628478693143
5,Jun,2.703344330052717
6,Jul,3.1661992810246287
7,Aug,3.5427115584085636
8,Sep,2.1055001942751947
9,Oct,-1.2585851710590703
10,Nov,-4.508801361202499
11,Dec,-5.694663103469589
