,time_counter,co2flux
0,Jan,-2.3111847115643913
1,Feb,-2.065121781941696
2,Mar,-1.8182983212558603
3,Apr,-1.6041663102090524
4,May,-1.5185108172580175
5,Jun,-0.6238454030741108
6,Jul,0.21266430351741775
7,Aug,0.37657631962949856
8,Sep,-0.23583353938737311
9,Oct,-0.9192163989014268
10,Nov,-1.7324779437545637
11,Dec,-2.297270269449771
