,time_counter,co2flux
0,Jan,-16.383731177228185
1,Feb,-15.46726836694269
2,Mar,-10.144812860008328
3,Apr,-10.002493634904562
4,May,-9.60242992010376
5,Jun,-8.3377227198543
6,Jul,-7.675143796678666
7,Aug,-10.447620971376677
8,Sep,-12.62571626038953
9,Oct,-17.361640240203467
10,Nov,-18.225055989481156
11,Dec,-17.1923333497283
