,time_counter,co2flux
0,Jan,-29.88381825320145
1,Feb,-25.906141644135904
2,Mar,-19.799730964109973
3,Apr,-14.36197350447597
4,May,-9.636131203144751
5,Jun,-6.8196726852395795
6,Jul,-6.633896144686733
7,Aug,-7.622189210044243
8,Sep,-13.50016475924088
9,Oct,-18.84794639093602
10,Nov,-31.75679877598289
11,Dec,-34.89798000645867
