,time_counter,co2flux
0,Jan,-4.906493881240669
1,Feb,-4.276643268298332
2,Mar,-3.357450044309322
3,Apr,-0.8858837307200323
4,May,0.804328063534334
5,Jun,1.8492129870731013
6,Jul,2.5635947370113947
7,Aug,3.2619377642902685
8,Sep,2.296640082495015
9,Oct,0.3443153740092632
10,Nov,-2.7096952905565086
11,Dec,-4.413181055300987
