,time_counter,co2flux
0,Jan,-25.170938708006076
1,Feb,-21.920651237756186
2,Mar,-17.61815961751037
3,Apr,-14.434742298220865
4,May,-11.340194051014066
5,Jun,-9.523017015292297
6,Jul,-9.800095425711362
7,Aug,-11.164900768452807
8,Sep,-15.605664953516074
9,Oct,-17.58936121987695
10,Nov,-27.247997414780393
11,Dec,-29.20331690298908
